{
  "catalog": {
    "clothing": {
      "categories": [
        {
          "name": "Globalization, interdependence and development",
          "trend": "right",
          "status": "warning",
          "score": 67,
          "categories": [
            {
              "name": "To promote economic policies and strategies at all levels for sustained growth, inclusive and sustainable development, full employment and decent work for all and poverty eradication in developing countries, especially least developed countries",
              "trend": "top",
              "status": "warning",
              "score": 16,
              "categories": [
                {
                  "name": "(a) Improved understanding of the global economic environment and of policy choices for inclusive and sustained development at the national, regional and international levels",
                  "amount": 83,
                  "actual": 86,
                  "target": 95,
                  "score": 42,
                  "measurement": "Percentage",
                  "trend": "bottom",
                  "status": "success"
                },
                {
                  "name": "(b) Progress towards a durable solution to the debt problems of developing countries by fostering better understanding of the interplay between successful development resource mobilization, debt sustainability and effective debt management",
                  "amount": 96,
                  "actual": 42,
                  "target": 56,
                  "score": 70,
                  "measurement": "Percentage",
                  "trend": "right",
                  "status": "error"
                },
                {
                  "name": "(c) Improved access to reliable and timely statistics and indicators highlighting the interlinkages between globalization, trade and development for decision-making on economic policies and development strategies",
                  "amount": 40,
                  "actual": 70,
                  "target": 66,
                  "score": 57,
                  "measurement": "Percentage",
                  "trend": "top",
                  "status": "warning"
                },
                {
                  "name": "(d) Improved Palestinian policymaking and institutional capacities, and strengthened international cooperation for alleviating the adverse economic and social conditions imposed on the Palestinian people and for building an independent Palestinian State",
                  "amount": 45,
                  "actual": 35,
                  "target": 16,
                  "score": 84,
                  "measurement": "Percentage",
                  "trend": "top",
                  "status": "warning"
                }
              ]
            },
            {
              "name": "To ensure inclusive growth and sustainable development through investment and enterprise development for the enhancement of productive capacity-building, industrialization and economic diversification, and job creation in all developing countries, in particular those in Africa and least developed countries, as well as landlocked developing countries, small island developing States and other structurally weak, vulnerable and small economies, and other middle-income countries, according to their needs, and countries with economies in transition",
              "trend": "right",
              "status": "success",
              "score": 39,
              "categories": [
                {
                  "name": "(a) Improved ability to address key and emerging issues related to investment and its interaction with official development assistance, trade and regional integration and promote sustainable development",
                  "amount": 48,
                  "actual": 24,
                  "target": 66,
                  "score": 13,
                  "measurement": "Percentage",
                  "trend": "top",
                  "status": "warning"
                },
                {
                  "name": "(b) Enhanced ability of developing countries and countries with economies in transition in designing and implementing strategies and policies to attract and benefit from investment for sustainable development",
                  "amount": 72,
                  "actual": 45,
                  "target": 30,
                  "score": 75,
                  "measurement": "Percentage",
                  "trend": "right",
                  "status": "error"
                },
                {
                  "name": "(c) Enhanced capacity to address key and emerging issues related to international investment agreements and their development dimension, as well as their formulation and implementation",
                  "amount": 32,
                  "actual": 67,
                  "target": 77,
                  "score": 23,
                  "measurement": "Percentage",
                  "trend": "top",
                  "status": "error"
                },
                {
                  "name": "(d) Enhanced understanding of enterprise development issues and ability to boost productive capacity through enterprise development policies aimed at: (i) stimulating enterprise development, particularly related to small and medium enterprises, entrepreneurship and business linkages; (ii) promoting best practices in corporate social responsibility and accounting; (iii) establishing competitive and well-regulated insurance markets",
                  "amount": 12,
                  "actual": 20,
                  "target": 34,
                  "score": 62,
                  "measurement": "Percentage",
                  "trend": "top",
                  "status": "warning"
                }
              ]
            }
          ]
        },
        {
          "name": "Investment, and enterprise",
          "trend": "right",
          "status": "warning",
          "score": 67,
          "categories": [
            {
              "name": "To promote economic policies and strategies at all levels for sustained growth, inclusive and sustainable development, full employment and decent work for all and poverty eradication in developing countries, especially least developed countries",
              "trend": "top",
              "status": "warning",
              "score": 16,
              "categories": [
                {
                  "name": "(a) Improved understanding of the global economic environment and of policy choices for inclusive and sustained development at the national, regional and international levels",
                  "amount": 83,
                  "actual": 86,
                  "target": 95,
                  "score": 42,
                  "measurement": "Percentage",
                  "trend": "bottom",
                  "status": "success"
                },
                {
                  "name": "(b) Progress towards a durable solution to the debt problems of developing countries by fostering better understanding of the interplay between successful development resource mobilization, debt sustainability and effective debt management",
                  "amount": 96,
                  "actual": 42,
                  "target": 56,
                  "score": 70,
                  "measurement": "Percentage",
                  "trend": "right",
                  "status": "error"
                },
                {
                  "name": "(c) Improved access to reliable and timely statistics and indicators highlighting the interlinkages between globalization, trade and development for decision-making on economic policies and development strategies",
                  "amount": 40,
                  "actual": 70,
                  "target": 66,
                  "score": 57,
                  "measurement": "Percentage",
                  "trend": "top",
                  "status": "warning"
                },
                {
                  "name": "(d) Improved Palestinian policymaking and institutional capacities, and strengthened international cooperation for alleviating the adverse economic and social conditions imposed on the Palestinian people and for building an independent Palestinian State",
                  "amount": 45,
                  "actual": 35,
                  "target": 16,
                  "score": 84,
                  "measurement": "Percentage",
                  "trend": "top",
                  "status": "warning"
                }
              ]
            },
            {
              "name": "To ensure inclusive growth and sustainable development through investment and enterprise development for the enhancement of productive capacity-building, industrialization and economic diversification, and job creation in all developing countries, in particular those in Africa and least developed countries, as well as landlocked developing countries, small island developing States and other structurally weak, vulnerable and small economies, and other middle-income countries, according to their needs, and countries with economies in transition",
              "trend": "right",
              "status": "success",
              "score": 39,
              "categories": [
                {
                  "name": "(a) Improved ability to address key and emerging issues related to investment and its interaction with official development assistance, trade and regional integration and promote sustainable development",
                  "amount": 48,
                  "actual": 24,
                  "target": 66,
                  "score": 13,
                  "measurement": "Percentage",
                  "trend": "top",
                  "status": "warning"
                },
                {
                  "name": "(b) Enhanced ability of developing countries and countries with economies in transition in designing and implementing strategies and policies to attract and benefit from investment for sustainable development",
                  "amount": 72,
                  "actual": 45,
                  "target": 30,
                  "score": 75,
                  "measurement": "Percentage",
                  "trend": "right",
                  "status": "error"
                },
                {
                  "name": "(c) Enhanced capacity to address key and emerging issues related to international investment agreements and their development dimension, as well as their formulation and implementation",
                  "amount": 32,
                  "actual": 67,
                  "target": 77,
                  "score": 23,
                  "measurement": "Percentage",
                  "trend": "top",
                  "status": "error"
                },
                {
                  "name": "(d) Enhanced understanding of enterprise development issues and ability to boost productive capacity through enterprise development policies aimed at: (i) stimulating enterprise development, particularly related to small and medium enterprises, entrepreneurship and business linkages; (ii) promoting best practices in corporate social responsibility and accounting; (iii) establishing competitive and well-regulated insurance markets",
                  "amount": 12,
                  "actual": 20,
                  "target": 34,
                  "score": 62,
                  "measurement": "Percentage",
                  "trend": "top",
                  "status": "warning"
                }
              ]
            }
          ]
        },
        {
          "name": "International trade",
          "trend": "right",
          "status": "warning",
          "score": 67,
          "categories": [
            {
              "name": "To promote economic policies and strategies at all levels for sustained growth, inclusive and sustainable development, full employment and decent work for all and poverty eradication in developing countries, especially least developed countries",
              "trend": "top",
              "status": "warning",
              "score": 16,
              "categories": [
                {
                  "name": "(a) Improved understanding of the global economic environment and of policy choices for inclusive and sustained development at the national, regional and international levels",
                  "amount": 83,
                  "actual": 86,
                  "target": 95,
                  "score": 42,
                  "measurement": "Percentage",
                  "trend": "bottom",
                  "status": "success"
                },
                {
                  "name": "(b) Progress towards a durable solution to the debt problems of developing countries by fostering better understanding of the interplay between successful development resource mobilization, debt sustainability and effective debt management",
                  "amount": 96,
                  "actual": 42,
                  "target": 56,
                  "score": 70,
                  "measurement": "Percentage",
                  "trend": "right",
                  "status": "error"
                },
                {
                  "name": "(c) Improved access to reliable and timely statistics and indicators highlighting the interlinkages between globalization, trade and development for decision-making on economic policies and development strategies",
                  "amount": 40,
                  "actual": 70,
                  "target": 66,
                  "score": 57,
                  "measurement": "Percentage",
                  "trend": "top",
                  "status": "warning"
                },
                {
                  "name": "(d) Improved Palestinian policymaking and institutional capacities, and strengthened international cooperation for alleviating the adverse economic and social conditions imposed on the Palestinian people and for building an independent Palestinian State",
                  "amount": 45,
                  "actual": 35,
                  "target": 16,
                  "score": 84,
                  "measurement": "Percentage",
                  "trend": "top",
                  "status": "warning"
                }
              ]
            },
            {
              "name": "To ensure inclusive growth and sustainable development through investment and enterprise development for the enhancement of productive capacity-building, industrialization and economic diversification, and job creation in all developing countries, in particular those in Africa and least developed countries, as well as landlocked developing countries, small island developing States and other structurally weak, vulnerable and small economies, and other middle-income countries, according to their needs, and countries with economies in transition",
              "trend": "right",
              "status": "success",
              "score": 39,
              "categories": [
                {
                  "name": "(a) Improved ability to address key and emerging issues related to investment and its interaction with official development assistance, trade and regional integration and promote sustainable development",
                  "amount": 48,
                  "actual": 24,
                  "target": 66,
                  "score": 13,
                  "measurement": "Percentage",
                  "trend": "top",
                  "status": "warning"
                },
                {
                  "name": "(b) Enhanced ability of developing countries and countries with economies in transition in designing and implementing strategies and policies to attract and benefit from investment for sustainable development",
                  "amount": 72,
                  "actual": 45,
                  "target": 30,
                  "score": 75,
                  "measurement": "Percentage",
                  "trend": "right",
                  "status": "error"
                },
                {
                  "name": "(c) Enhanced capacity to address key and emerging issues related to international investment agreements and their development dimension, as well as their formulation and implementation",
                  "amount": 32,
                  "actual": 67,
                  "target": 77,
                  "score": 23,
                  "measurement": "Percentage",
                  "trend": "top",
                  "status": "error"
                },
                {
                  "name": "(d) Enhanced understanding of enterprise development issues and ability to boost productive capacity through enterprise development policies aimed at: (i) stimulating enterprise development, particularly related to small and medium enterprises, entrepreneurship and business linkages; (ii) promoting best practices in corporate social responsibility and accounting; (iii) establishing competitive and well-regulated insurance markets",
                  "amount": 12,
                  "actual": 20,
                  "target": 34,
                  "score": 62,
                  "measurement": "Percentage",
                  "trend": "top",
                  "status": "warning"
                }
              ]
            }
          ]
        }
      ]
    }
  }
}