{
  "projectType": [
    "sap.watt.uitools.ide.fiori",
    "com.watt.common.builder.sapui5clientbuild"
  ],
  "build": {
    "targetFolder": "dist",
    "sourceFolder": "webapp",
    "excludedFolders": [
      "test"
    ],
    "excludedFiles": [
      "test.html"
    ],
    "buildRequired": true,
    "lastBuildDateTime": "Mon, 12 Feb 2018 14:33:44 GMT"
  },
  "dataBinding": {
    "/webapp/view/App.view.xml": {
      "entitySet": "UNBINDKEY"
    },
    "/webapp/view/NotFound.view.xml": {
      "entitySet": "UNBINDKEY"
    },
    "/webapp/view/DetailObjectNotFound.view.xml": {
      "entitySet": "UNBINDKEY"
    },
    "/webapp/view/DetailNoObjectsAvailable.view.xml": {
      "entitySet": "UNBINDKEY"
    },
    "/webapp/view/Master.view.xml": {
      "entitySet": "ZSPPM_FRAMEWORKS"
    },
    "/webapp/view/Detail.view.xml": {
      "entitySet": "ZSPPM_FRAMEWORKS"
    }
  },
  "generation": [
    {
      "templateId": "sap.ui.ui5-template-plugin.2masterdetail",
      "templateVersion": "1.38.3",
      "dateTimeStamp": "Wed, 06 Dec 2017 19:23:16 GMT"
    }
  ],
  "translation": {
    "translationDomain": "",
    "supportedLanguages": "en,fr,de",
    "defaultLanguage": "en",
    "defaultI18NPropertyFile": "i18n.properties",
    "resourceModelName": "i18n"
  },
  "mockpreview": {
    "mockUri": "/sap/opu/odata/sap/ZSPPM_FRAMEWORKS_CDS",
    "metadataFilePath": "",
    "loadJSONFiles": false,
    "loadCustomRequests": false,
    "mockRequestsFilePath": ""
  },
  "basevalidator": {
    "services": {
      "js": "fioriJsValidator",
      "xml": "fioriXmlAnalysis"
    }
  },
  "codeCheckingTriggers": {
    "notifyBeforePush": true,
    "notifyBeforePushLevel": "Error",
    "blockPush": false,
    "blockPushLevel": "Error"
  },
  "deploy": {
    "destination": "unsapgws",
    "name": "ZUI5_FWDEF"
  }
}