{
  "run": [
    {
      "filePath": "/strategy-framework-definition/webapp/index.html",
      "previewMode": 1,
      "dataMode": 1,
      "workspace": "withoutWorkspace",
      "ui5ActiveVersion": null,
      "ui5VerSource": null,
      "isDefaultVersion": 0,
      "urlParameters": [],
      "hashParameter": "",
      "backendSystem": [],
      "_metadata": {
        "runnerId": "webapprunner",
        "id": 2158329,
        "displayName": "Run index.html",
        "lastRunTimeStamp": 1523545158723
      }
    }
  ]
}