<edmx:Edmx
    xmlns:edmx="http://schemas.microsoft.com/ado/2007/06/edmx"
    xmlns:m="http://schemas.microsoft.com/ado/2007/08/dataservices/metadata"
    xmlns:sap="http://www.sap.com/Protocols/SAPData" Version="1.0">
    <edmx:Reference
        xmlns:edmx="http://docs.oasis-open.org/odata/ns/edmx" Uri="./IWFND/CATALOGSERVICE;v=2/Vocabularies(TechnicalName='%2FIWBEP%2FVOC_COMMON',Version='0001',SAP__Origin='S1W')/$value">
        <edmx:Include Namespace="com.sap.vocabularies.Common.v1" Alias="Common"/>
    </edmx:Reference>
    <edmx:DataServices m:DataServiceVersion="2.0">
        <Schema
            xmlns="http://schemas.microsoft.com/ado/2008/09/edm" Namespace="ZSPPM_FRAMEWORKS_CDS" xml:lang="en" sap:schema-version="1">
            <EntityType Name="ZSPPM_FRAMEWORKSType" sap:label="SPPM  FRAMEWORKS" sap:content-version="1">
                <Key>
                    <PropertyRef Name="id"/>
                </Key>
                <Property Name="id" Type="Edm.Byte" Nullable="false" sap:label="Int1"/>
                <Property Name="title" Type="Edm.String" MaxLength="255" sap:display-format="UpperCase" sap:label="Char255"/>
            </EntityType>
            <EntityContainer Name="ZSPPM_FRAMEWORKS_CDS_Entities" m:IsDefaultEntityContainer="true" sap:supported-formats="atom json xlsx">
                <EntitySet Name="ZSPPM_FRAMEWORKS" EntityType="ZSPPM_FRAMEWORKS_CDS.ZSPPM_FRAMEWORKSType" sap:content-version="1"/>
            </EntityContainer>
            <atom:link
                xmlns:atom="http://www.w3.org/2005/Atom" rel="self" href="./sap/ZSPPM_FRAMEWORKS_CDS/$metadata"/>
                <atom:link
                    xmlns:atom="http://www.w3.org/2005/Atom" rel="latest-version" href="./sap/ZSPPM_FRAMEWORKS_CDS/$metadata"/>
                </Schema>
            </edmx:DataServices>
        </edmx:Edmx>