{
	"welcomeFile": "/webapp/index.html",
	 "sendWelcomeFileRedirect": true,
	"routes": [{
		"path": "/webapp/resources",
		"target": {
			"type": "service",
			"name": "sapui5",
			"entryPath": "/resources"
		},
		"description": "SAPUI5 Resources"
	}, {
		"path": "/webapp/test-resources",
		"target": {
			"type": "service",
			"name": "sapui5",
			"entryPath": "/test-resources"
		},
		"description": "SAPUI5 Test Resources"
	}, {
		"path": "/resources",
		"target": {
			"type": "service",
			"name": "sapui5",
			"entryPath": "/resources"
		},
		"description": "SAPUI5 Resources"
	}, {
		"path": "/test-resources",
		"target": {
			"type": "service",
			"name": "sapui5",
			"entryPath": "/test-resources"
		},
		"description": "SAPUI5 Test Resources"
	}, {
		"path": "/sap/opu/odata",
		"target": {
			"type": "destination",
			"name": "unsapd1f",
			"entryPath": "/sap/opu/odata"
		},
		"description": "D1F"
	}, 

	{
		"path": "/themedesignerPath",
		"target": {
			"type": "application",
			"name": "themedesigner"
		},
		"description": "Route for UI theme designer"
	}]
}